<?xml version="1.0" encoding="utf-8" ?>
<?xml-stylesheet type="text/css" href="prog4.css" ?>
<studentdetails>
	<student>
		<usn>1122</usn>
		<name>Rajeev</name>
		<college>Acharya Institute</college>
		<branch>CSE</branch>
		<yoj>2017</yoj>
		<email>rajeevr@gmail.com</email>
	</student>
	<student>
		<usn>1122</usn>
		<name>Rajeev</name>
		<college>Acharya Institute</college>
		<branch>CSE</branch>
		<yoj>2017</yoj>
		<email>rajeevr@gmail.com</email>
	</student>
	<student>
		<usn>1122</usn>
		<name>Rajeev</name>
		<college>Acharya Institute</college>
		<branch>CSE</branch>
		<yoj>2017</yoj>
		<email>rajeevr@gmail.com</email>
	</student>
</studentdetails>
		